country,state,city,station,last_update,latitude,longitude,pollutant_id,pollutant_min,pollutant_max,pollutant_avg
India,Arunachal_Pradesh,Naharlagun,"Naharlagun, Naharlagun - APSPCB","06-01-2025 23:00:00",27.103358,93.679645,OZONE,3,3,3
India,Assam,Guwahati,"LGBI Airport, Guwahati - PCBA","06-01-2025 23:00:00",26.10887,91.589544,OZONE,17,22,20
India,Bihar,Muzaffarpur,"Muzaffarpur Collectorate, Muzaffarpur - BSPCB","06-01-2025 23:00:00",26.1209,85.3647,OZONE,15,32,28
India,Bihar,Patna,"DRM Office Danapur, Patna - BSPCB","06-01-2025 23:00:00",25.586562,85.043586,OZONE,3,46,20
India,Chhattisgarh,Bhilai,"Hathkhoj, Bhilai - CECB","06-01-2025 23:00:00",21.224231,81.408350,OZONE,4,45,27
India,Chhattisgarh,Chhal,"Nawapara SECL Colony, Chhal - CECB","06-01-2025 23:00:00",22.118125,83.140608,OZONE,18,68,40
India,Chhattisgarh,Kunjemura,"OP Jindal School, Kunjemura - CECB","06-01-2025 23:00:00",22.126650,83.483212,OZONE,2,4,3
India,Bihar,Manguraha,"Forest Rest House, Manguraha - BSPCB","06-01-2025 23:00:00",27.308328,84.531742,OZONE,9,10,10
India,Andhra_Pradesh,Anantapur,"Gulzarpet, Anantapur - APPCB","06-01-2025 23:00:00",14.675886,77.593027,OZONE,11,42,35
India,Bihar,Hajipur,"Industrial Area, Hajipur - BSPCB","06-01-2025 23:00:00",25.697189,85.245900,OZONE,9,64,27
India,Chhattisgarh,Bhilai,"32Bungalows, Bhilai - CECB","06-01-2025 23:00:00",21.194815,81.314770,OZONE,6,113,53
India,Assam,Nagaon,"Christianpatty, Nagaon - PCBA","06-01-2025 23:00:00",26.349082,92.68449,OZONE,6,40,30
India,Delhi,Delhi,"Nehru Nagar, Delhi - DPCC","06-01-2025 23:00:00",28.567890,77.250515,OZONE,5,55,33
India,Chhattisgarh,Raipur,"Siltara Phase-II, Raipur - CECB","06-01-2025 23:00:00",21.371751,81.664929,OZONE,3,4,3
India,Delhi,Delhi,"Alipur, Delhi - DPCC","06-01-2025 23:00:00",28.815329,77.153010,OZONE,1,45,34
India,Gujarat,Ahmedabad,"Sardar Vallabhbhai Patel Stadium, Ahmedabad - IITM","06-01-2025 23:00:00",23.043070,72.562968,OZONE,7,39,27
India,Gujarat,Gandhinagar,"GIFT City, Gandhinagar - IITM","06-01-2025 23:00:00",23.163798,72.677768,OZONE,5,34,23
India,Delhi,Delhi,"Jahangirpuri, Delhi - DPCC","06-01-2025 23:00:00",28.732820,77.170633,OZONE,6,29,11
India,Gujarat,Ahmedabad,"Maninagar, Ahmedabad - GPCB","06-01-2025 23:00:00",23.002657,72.591912,OZONE,7,35,22
India,Gujarat,Ahmedabad,"Raikhad, Ahmedabad - IITM","06-01-2025 23:00:00",23.020509,72.579261,OZONE,5,73,43
India,Haryana,Faridabad,"New Industrial Town, Faridabad - HSPCB","06-01-2025 23:00:00",28.39072,77.30059,OZONE,26,42,35
India,Delhi,Delhi,"Sonia Vihar, Delhi - DPCC","06-01-2025 23:00:00",28.710508,77.249485,OZONE,1,40,29
India,Delhi,Delhi,"DTU, Delhi - CPCB","06-01-2025 23:00:00",28.7500499,77.1112615,OZONE,37,43,39
India,Gujarat,Ahmedabad,"SVPI Airport Hansol, Ahmedabad - IITM","06-01-2025 23:00:00",23.076793,72.627874,OZONE,12,52,40
India,Karnataka,Karwar,"KHB Colony, Karwar - KSPCB","06-01-2025 23:00:00",14.816666,74.141003,CO,8,9,8
India,Karnataka,Koppal,"Diwator Nagar, Koppal - KSPCB","06-01-2025 23:00:00",15.347630,76.181767,OZONE,1,52,34
India,Haryana,Panchkula,"Sector-6, Panchkula - HSPCB ","06-01-2025 23:00:00",30.7057778,76.8531805555555,OZONE,20,22,21
India,Karnataka,Shivamogga,"Vinoba Nagara, Shivamogga - KSPCB","06-01-2025 23:00:00",13.940000,75.555917,OZONE,6,60,34
India,Karnataka,Bengaluru,"Shivapura_Peenya, Bengaluru - KSPCB","06-01-2025 23:00:00",13.0246342,77.5080115,OZONE,25,26,26
India,Karnataka,Bengaluru,"Silk Board, Bengaluru - KSPCB","06-01-2025 23:00:00",12.917348,77.622813,OZONE,18,22,21
India,Haryana,Gurugram,"Sector-51, Gurugram - HSPCB","06-01-2025 23:00:00",28.4227,77.0667,OZONE,10,46,24
India,Karnataka,Chikkamagaluru,"Kalyana Nagara, Chikkamagaluru - KSPCB","06-01-2025 23:00:00",13.328028,75.797056,OZONE,13,59,53
India,Karnataka,Belgaum,"Ramteerth Nagar, Belgaum - KSPCB","06-01-2025 23:00:00",15.888653,74.541751,OZONE,19,20,20
India,Karnataka,Hassan,"B.Katihalli, Hassan - KSPCB","06-01-2025 23:00:00",13.008556,76.125258,OZONE,1,2,2
India,Kerala,Kollam,"Polayathode, Kollam - Kerala PCB","06-01-2025 23:00:00",8.8787,76.6073,OZONE,31,36,33
India,Maharashtra,Mumbai,"Ghatkopar, Mumbai - BMC","06-01-2025 23:00:00",19.083694,72.920967,OZONE,13,287,158
India,"Madhya Pradesh",Singrauli,"Suryakiran Bhawan NCL, Singrauli - MPPCB","06-01-2025 23:00:00",24.108970,82.645580,OZONE,6,135,46
India,"Madhya Pradesh",Ratlam,"Shasthri Nagar, Ratlam - IPCA Lab","06-01-2025 23:00:00",23.331731,75.045981,SO2,16,17,16
India,"Madhya Pradesh",Sagar,"Deen Dayal Nagar, Sagar - MPPCB","06-01-2025 23:00:00",23.8640158,78.80289321,CO,24,27,26
India,"Madhya Pradesh",Gwalior,"City Center, Gwalior - MPPCB","06-01-2025 23:00:00",26.203442,78.193251,OZONE,22,31,25
India,"Madhya Pradesh",Gwalior,"Deen Dayal Nagar, Gwalior - MPPCB","06-01-2025 23:00:00",26.259242,78.216432,OZONE,30,62,46
India,Maharashtra,Mumbai,"Chembur, Mumbai - MPCB","06-01-2025 23:00:00",19.0364585,72.8954371,OZONE,20,131,82
India,Maharashtra,Mumbai,"Chhatrapati Shivaji Intl. Airport (T2), Mumbai - MPCB","06-01-2025 23:00:00",19.10078,72.87462,OZONE,7,8,7
India,"Madhya Pradesh",Jabalpur,"Marhatal, Jabalpur - MPPCB","06-01-2025 23:00:00",23.168606,79.932247,OZONE,4,97,55
India,"Madhya Pradesh",Bhopal,"Idgah Hills, Bhopal - MPPCB","06-01-2025 23:00:00",23.264759,77.381568,OZONE,41,102,71
India,Maharashtra,Mumbai,"Byculla, Mumbai - BMC","06-01-2025 23:00:00",18.9767,72.8380,OZONE,16,124,99
India,Maharashtra,Mumbai,"Mulund West, Mumbai - MPCB","06-01-2025 23:00:00",19.1750,72.9419,OZONE,18,19,18
India,Maharashtra,Mumbai,"Powai, Mumbai - MPCB","06-01-2025 23:00:00",19.137500,72.915056,OZONE,9,9,9
India,Punjab,"Mandi Gobindgarh","RIMT University, Mandi Gobindgarh - PPCB","06-01-2025 23:00:00",30.649961,76.331442,OZONE,35,41,38
India,Maharashtra,Mumbai,"Shivaji Nagar, Mumbai - BMC","06-01-2025 23:00:00",19.060498,72.923356,OZONE,21,129,71
India,Maharashtra,Mumbai,"Siddharth Nagar-Worli, Mumbai - IITM","06-01-2025 23:00:00",19.000083,72.813993,OZONE,25,97,64
India,Punjab,Jalandhar,"Civil Line, Jalandhar - PPCB","06-01-2025 23:00:00",31.321907,75.578914,OZONE,19,58,45
India,Punjab,Khanna,"Kalal Majra, Khanna - PPCB","06-01-2025 23:00:00","30.736056 ",76.209694,OZONE,11,26,18
India,Manipur,Imphal,"DM College of Science, Imphal - Manipur PCB","06-01-2025 23:00:00",24.8207389,93.9423085,OZONE,NA,NA,NA
India,Maharashtra,"Navi Mumbai","Sector-2E Kalamboli, Navi Mumbai - MPCB","06-01-2025 23:00:00",19.02579,73.10297,OZONE,4,104,54
India,Odisha,Byasanagar,"Ferro Chrome Colony, Byasanagar - OSPCB","06-01-2025 23:00:00",20.94185,86.11510,OZONE,16,177,77
India,Odisha,Rourkela,"Raghunathpali, Rourkela - OSPCB","06-01-2025 23:00:00",22.220833,84.809444,OZONE,2,87,31
India,Maharashtra,Pimpri-Chinchwad,"Thergaon, Pimpri Chinchwad - MPCB","06-01-2025 23:00:00",18.616318,73.765797,OZONE,41,133,82
India,Rajasthan,Ajmer,"Civil Lines,  Ajmer - RSPCB","06-01-2025 23:00:00",26.470859,74.646594,OZONE,18,30,26
India,Rajasthan,Kota,"Dhanmandi, Kota - RSPCB","06-01-2025 23:00:00",25.164090,75.858137,OZONE,7,57,27
India,Rajasthan,Kota,"Nayapura, Kota - RSPCB","06-01-2025 23:00:00",25.196024,75.855668,OZONE,12,61,34
India,Rajasthan,"Sri Ganganagar","Old City, Sri Ganganagar - RSPCB","06-01-2025 23:00:00",29.931624,73.864511,OZONE,13,42,28
India,TamilNadu,Chengalpattu,"Crescent University, Chengalpattu - TNPCB","06-01-2025 23:00:00",12.8777316,80.0834807,OZONE,6,6,6
India,Rajasthan,Jodhpur,"Digari Kalan, Jodhpur - RSPCB","06-01-2025 23:00:00",26.295810,73.082283,OZONE,21,73,49
India,Rajasthan,Jhalawar,"Rajlaxmi Nagar, Jhalawar - RSPCB","06-01-2025 23:00:00",24.588397,76.172782,OZONE,6,42,33
India,Rajasthan,Churu,"Subash Chowk, Churu - RSPCB","06-01-2025 23:00:00",28.296139,74.961696,OZONE,36,121,89
India,Rajasthan,Jaipur,"Adarsh Nagar, Jaipur - RSPCB","06-01-2025 23:00:00",26.902909,75.836858,OZONE,9,54,41
India,Rajasthan,Jodhpur,"Mandor, Jodhpur - RSPCB","06-01-2025 23:00:00",26.358805,73.047444,OZONE,44,125,106
India,Rajasthan,Jodhpur,"Samrat Ashok Udhyan, Jodhpur - RSPCB","06-01-2025 23:00:00",26.253384,72.976571,OZONE,54,157,102
India,TamilNadu,Tirunelveli,"Municipal Corporation Office, Tirunelveli - TNPCB","06-01-2025 23:00:00",8.728442,77.6962,OZONE,6,7,6
India,TamilNadu,Gummidipoondi,"Anthoni Pillai Nagar, Gummidipoondi - TNPCB","06-01-2025 23:00:00",13.4127,80.1081,SO2,NA,NA,NA
India,Telangana,Hyderabad,"Kokapet, Hyderabad - TSPCB","06-01-2025 23:00:00",17.393559,78.339194,OZONE,26,75,44
India,Telangana,Hyderabad,"Nacharam_TSIIC IALA, Hyderabad - TSPCB","06-01-2025 23:00:00",17.429398,78.569354,OZONE,16,36,29
India,TamilNadu,Chennai,"Arumbakkam, Chennai - TNPCB","06-01-2025 23:00:00",13.0664,"80.2112 ",SO2,6,75,24
India,TamilNadu,Ranipet,"VOC Nagar_SIPCOT, Ranipet - TNPCB","06-01-2025 23:00:00",12.952707,79.30394,OZONE,1,1,1
India,TamilNadu,Thanjavur,"Parisutham Nagar, Thanjavur - TNPCB","06-01-2025 23:00:00",10.7654824,79.1389968,OZONE,4,26,12
India,TamilNadu,Tiruchirappalli,"St Joseph College, Tiruchirappalli - TNPCB","06-01-2025 23:00:00",10.830158,78.691849,CO,12,13,12
India,Telangana,Hyderabad,"ECIL Kapra, Hyderabad - TSPCB","06-01-2025 23:00:00",17.470431,78.566959,OZONE,9,29,29
India,TamilNadu,Chennai,"Perungudi, Chennai - TNPCB","06-01-2025 23:00:00",12.9533,80.2357,OZONE,8,17,11
India,Telangana,Hyderabad,"IDA Pashamylaram, Hyderabad - TSPCB","06-01-2025 23:00:00",17.5316895,78.218939,OZONE,7,37,19
India,Uttar_Pradesh,Jhansi,"Shivaji Nagar, Jhansi - UPPCB","06-01-2025 23:00:00",25.4547,78.6039,OZONE,1,3,2
India,Uttar_Pradesh,Kanpur,"FTI Kidwai Nagar, Kanpur - UPPCB","06-01-2025 23:00:00",26.428282,80.327067,OZONE,9,12,12
India,Uttar_Pradesh,Kanpur,"Nehru Nagar, Kanpur - UPPCB","06-01-2025 23:00:00",26.4703136,80.3229863,OZONE,6,26,18
India,Uttar_Pradesh,Firozabad,"Vibhab Nagar, Firozabad - UPPCB","06-01-2025 23:00:00",27.1594,78.3953,OZONE,14,15,15
India,Uttar_Pradesh,Ghaziabad,"Indirapuram, Ghaziabad - UPPCB","06-01-2025 23:00:00",28.646233,77.358075,OZONE,2,11,6
India,Uttar_Pradesh,Agra,"Sector-3B Avas Vikas Colony, Agra - UPPCB","06-01-2025 23:00:00",27.19412,77.96237,OZONE,8,33,15
India,Uttar_Pradesh,Agra,"Shastripuram, Agra - UPPCB","06-01-2025 23:00:00",27.19862,77.92066,OZONE,1,4,2
India,Uttar_Pradesh,Noida,"Sector - 125, Noida - UPPCB","06-01-2025 23:00:00",28.5447608,77.3231257,OZONE,1,24,13
India,Uttar_Pradesh,Ghaziabad,"Vasundhara, Ghaziabad - UPPCB","06-01-2025 23:00:00",28.6603346,77.3572563,OZONE,2,18,9
India,Uttar_Pradesh,Lucknow,"Lalbagh, Lucknow - CPCB","06-01-2025 23:00:00",26.8458805,80.9365541,OZONE,6,25,14
India,Uttar_Pradesh,Moradabad,"Buddhi Vihar, Moradabad - UPPCB","06-01-2025 23:00:00",28.83526,78.74460,OZONE,6,8,6
India,Uttar_Pradesh,Bareilly,"Civil Lines, Bareilly - UPPCB","06-01-2025 23:00:00",28.359581,79.414455,OZONE,14,17,16
India,Telangana,Hyderabad,"Somajiguda, Hyderabad - TSPCB","06-01-2025 23:00:00",17.417094,78.457437,OZONE,25,82,48
India,Uttar_Pradesh,Varanasi,"Maldahiya, Varanasi - UPPCB","06-01-2025 23:00:00",25.32393,82.99687,OZONE,1,3,2
India,West_Bengal,Asansol,"Mahabir Colliery, Asansol - WBPCB","06-01-2025 23:00:00",23.6181830,87.1057180,OZONE,7,71,29
India,West_Bengal,Durgapur,"Sidhu Kanhu Indoor Stadium, Durgapur - WBPCB","06-01-2025 23:00:00",23.5404352,87.2892225,OZONE,2,63,9
India,West_Bengal,Haldia,"Priyambada Housing Estate, Haldia - WBPCB","06-01-2025 23:00:00",22.06047,88.109737,OZONE,19,65,26
India,West_Bengal,Howrah,"Botanical Garden, Howrah - WBPCB","06-01-2025 23:00:00",22.554954,88.292568,OZONE,1,87,37
India,West_Bengal,Kolkata,"Bidhannagar, Kolkata - WBPCB","06-01-2025 23:00:00",22.58157048,88.41002457,OZONE,15,100,36
India,West_Bengal,Kolkata,"Fort William, Kolkata - WBPCB","06-01-2025 23:00:00",22.556640,88.342674,OZONE,19,77,43
India,West_Bengal,Kolkata,"Rabindra Sarobar, Kolkata - WBPCB","06-01-2025 23:00:00",22.51106,88.35142,OZONE,5,102,37
India,West_Bengal,Siliguri,"Ward-32 Bapupara, Siliguri - WBPCB","06-01-2025 23:00:00",26.6879226,88.4152495,OZONE,14,44,20
India,Bihar,Patna,"IGSC Planetarium Complex, Patna - BSPCB","06-01-2025 23:00:00",25.610369,85.132568,OZONE,23,25,24
India,Bihar,"Bihar Sharif","D M Colony, Bihar Sharif - BSPCB","06-01-2025 23:00:00",25.204762,85.514960,OZONE,19,50,34
India,Bihar,Gaya,"Collectorate, Gaya - BSPCB","06-01-2025 23:00:00",24.7955,84.9994,OZONE,19,21,20
India,Andhra_Pradesh,Rajamahendravaram,"Anand Kala Kshetram, Rajamahendravaram - APPCB","06-01-2025 23:00:00",16.9872867,81.7363176,OZONE,1,6,2
India,Chhattisgarh,Milupara,"Govt. Higher Secondary School, Milupara - CECB","06-01-2025 23:00:00",22.1910172,83.5197009,OZONE,1,72,20
India,Chhattisgarh,Raipur,"AIIMS, Raipur - CECB","06-01-2025 23:00:00",21.258815,81.578979,OZONE,1,6,2
India,Assam,Guwahati,"Pan Bazaar, Guwahati - PCBA","06-01-2025 23:00:00",26.187500,91.744194,OZONE,16,17,17
India,Assam,Byrnihat,"Central Academy for SFS, Byrnihat - PCBA","06-01-2025 23:00:00",26.071318,91.87488,OZONE,21,136,39
India,Chandigarh,Chandigarh,"Sector-53, Chandigarh - CPCC","06-01-2025 23:00:00",30.719859,76.738637,OZONE,3,61,28
India,Bihar,Arrah,"New DM Office, Arrah - BSPCB","06-01-2025 23:00:00",25.5626095,84.663264,OZONE,1,60,19
India,Andhra_Pradesh,Chittoor,"Gangineni Cheruvu, Chittoor - APPCB","06-01-2025 23:00:00",13.204880,79.097889,OZONE,27,39,33
India,Bihar,Bettiah,"Kamalnath Nagar, Bettiah - BSPCB","06-01-2025 23:00:00",26.80365,84.51954,OZONE,22,26,23
India,Delhi,Delhi,"Lodhi Road, Delhi - IITM","06-01-2025 23:00:00",28.588333,77.221667,SO2,NA,NA,NA
India,Delhi,Delhi,"Bawana, Delhi - DPCC","06-01-2025 23:00:00",28.776200,77.051074,OZONE,3,38,30
India,Gujarat,Gandhinagar,"IIPHG Lekawada, Gandhinagar - IITM","06-01-2025 23:00:00",23.243639,72.68994,OZONE,10,117,79
India,Gujarat,Gandhinagar,"Sector-10, Gandhinagar - GPCB","06-01-2025 23:00:00",23.221714,72.654328,OZONE,4,30,17
India,Delhi,Delhi,"Patparganj, Delhi - DPCC","06-01-2025 23:00:00",28.623763,77.287209,OZONE,1,41,22
India,Delhi,Delhi,"Pusa, Delhi - DPCC","06-01-2025 23:00:00",28.639652,77.146275,OZONE,4,9,7
India,Haryana,Gurugram,"Vikas Sadan, Gurugram - HSPCB","06-01-2025 23:00:00",28.4501238,77.0263051,OZONE,8,55,35
India,Delhi,Delhi,"Mundka, Delhi - DPCC","06-01-2025 23:00:00",28.684678,77.076574,OZONE,6,33,31
India,Delhi,Delhi,"ITO, Delhi - CPCB","06-01-2025 23:00:00",28.628624,77.241060,OZONE,12,14,13
India,Gujarat,Ahmedabad,"SAC ISRO Bopal, Ahmedabad - IITM","06-01-2025 23:00:00",23.041137,72.456691,OZONE,24,52,38
India,Gujarat,Ahmedabad,"Chandkheda, Ahmedabad - IITM","06-01-2025 23:00:00",23.107969,72.574648,OZONE,19,76,57
India,Karnataka,Kalaburagi,"Lal Bahadur Shastri Nagar, Kalaburagi - KSPCB","06-01-2025 23:00:00",17.321993,76.822628,OZONE,23,69,30
India,Karnataka,Bengaluru,"Kasturi Nagar, Bengaluru - KSPCB","06-01-2025 23:00:00",13.003872,77.664217,OZONE,28,29,29
India,Karnataka,Bengaluru,"Sanegurava Halli, Bengaluru - KSPCB","06-01-2025 23:00:00",12.990328,77.5431385,CO,30,48,40
India,"Madhya Pradesh",Indore,"Vijay Nagar Scheme-78, Indore - Glenmark","06-01-2025 23:00:00",22.76726,75.88710,SO2,26,29,28
India,Karnataka,Raichur,"Haji Colony, Raichur - KSPCB","06-01-2025 23:00:00",16.208139,77.348417,CO,120,129,123
India,Karnataka,Tumakuru,"Thimmalapura, Tumakuru - KSPCB","06-01-2025 23:00:00",13.377516,77.099072,OZONE,5,7,6
India,"Madhya Pradesh",Damoh,"Shrivastav Colony, Damoh - MPPCB","06-01-2025 23:00:00",23.81748678,79.446246,CO,22,23,22
India,"Madhya Pradesh",Dewas,"Bhopal Chauraha, Dewas - MPPCB","06-01-2025 23:00:00",22.9682591,76.064118,OZONE,17,313,23
India,"Madhya Pradesh",Katni,"Gole Bazar, Katni - MPPCB","06-01-2025 23:00:00",23.50016,80.23284,OZONE,21,115,65
India,"Madhya Pradesh",Maihar,"Sahilara, Maihar - KJS Cements","06-01-2025 23:00:00",24.2613009,80.7231783,CO,48,52,51
India,Karnataka,Dharwad,"Kalabhavan, Dharwad - KSPCB","06-01-2025 23:00:00",15.459706,75.008381,OZONE,10,64,31
India,Karnataka,Gadag,"Panchal Nagar, Gadag - KSPCB","06-01-2025 23:00:00",15.411456,75.638133,OZONE,31,52,44
India,"Madhya Pradesh",Sagar,"Civil Lines, Sagar - MPPCB","06-01-2025 23:00:00",23.838586,78.759431,OZONE,12,67,40
India,Karnataka,Hubballi,"Deshpande Nagar, Hubballi - KSPCB","06-01-2025 23:00:00",15.351773,75.140726,OZONE,8,8,8
India,Karnataka,Hubballi,"Lingaraj Nagar, Hubballi - KSPCB","06-01-2025 23:00:00",15.3714823,75.1160168,OZONE,11,37,23
India,Maharashtra,Mumbai,"Colaba, Mumbai - MPCB","06-01-2025 23:00:00",18.910000,72.820000,OZONE,11,11,11
India,Maharashtra,Belapur,"CBD Belapur, Belapur - MPCB","06-01-2025 23:00:00",19.0243902,73.0406721,OZONE,25,107,68
India,Maharashtra,Bhiwandi,"Gokul Nagar, Bhiwandi - MPCB","06-01-2025 23:00:00",19.309073,73.057223,OZONE,11,92,73
India,Maharashtra,Boisar,"Khaira, Boisar - MPCB","06-01-2025 23:00:00",19.786089,72.757971,OZONE,20,90,64
India,Maharashtra,Jalna,"Old MIDC, Jalna - MPCB","06-01-2025 23:00:00",19.854616,75.905894,OZONE,13,300,97
India,Maharashtra,Kalyan,"Pimpleshwar Mandir, Kalyan - MPCB","06-01-2025 23:00:00",19.192056,72.9585188,OZONE,14,90,59
India,Maharashtra,Nagpur,"Mahal, Nagpur - MPCB","06-01-2025 23:00:00",21.14472,79.107595,OZONE,4,54,31
India,Maharashtra,Nagpur,"Opp GPO Civil Lines, Nagpur - MPCB","06-01-2025 23:00:00",21.152875,79.0517531,OZONE,2,83,35
India,Maharashtra,Mumbai,"Bandra Kurla Complex, Mumbai - MPCB","06-01-2025 23:00:00",19.065931,72.862131,OZONE,2,105,75
India,Maharashtra,Mumbai,"Borivali East, Mumbai - MPCB","06-01-2025 23:00:00",19.2243333,72.8658113,OZONE,1,96,55
India,Maharashtra,Kolhapur,"Sinchan Bhavan, Kolhapur - MPCB","06-01-2025 23:00:00",16.7143745,74.2426398,OZONE,3,61,27
India,Maharashtra,Mumbai,"Malad West, Mumbai - IITM","06-01-2025 23:00:00",19.19709,72.82204,OZONE,35,94,86
India,Maharashtra,Chandrapur,"MIDC Khutala, Chandrapur - MPCB","06-01-2025 23:00:00",19.9775302,79.2337086,OZONE,9,77,36
India,Maharashtra,"Navi Mumbai","Mahape, Navi Mumbai - MPCB","06-01-2025 23:00:00",19.1135051,73.008978,OZONE,22,25,23
India,Maharashtra,"Navi Mumbai","Nerul, Navi Mumbai - MPCB","06-01-2025 23:00:00",19.008751,73.016620,OZONE,10,49,21
India,Maharashtra,"Navi Mumbai","Sanpada, Navi Mumbai - MPCB","06-01-2025 23:00:00",19.0575752,73.0151367,OZONE,10,161,86
India,Mizoram,Aizawl,"Sikulpuikawn, Aizawl - Mizoram PCB","06-01-2025 23:00:00",23.7176342,92.7192841,OZONE,5,8,6
India,Nagaland,Kohima,"PWD Juction, Kohima - NPCB","06-01-2025 23:00:00",25.6635413,94.0989878,OZONE,6,17,9
India,Maharashtra,Pune,"Savitribai Phule Pune University, Pune - MPCB","06-01-2025 23:00:00",18.547056,73.826908,OZONE,25,215,87
India,Maharashtra,Solapur,"Ratandeep Housing Society, Solapur - MPCB","06-01-2025 23:00:00",17.65439,75.90649,OZONE,2,141,56
India,Maharashtra,Parbhani,"Masoom Colony, Parbhani - MPCB","06-01-2025 23:00:00",19.265594,76.761463,OZONE,6,131,73
India,Maharashtra,Pimpri-Chinchwad,"Gavalinagar, Pimpri Chinchwad - MPCB","06-01-2025 23:00:00",18.63673,73.82487,OZONE,2,302,159
India,Maharashtra,Nashik,"MIDC Ambad, Nashik - MPCB","06-01-2025 23:00:00",19.950220,73.731480,OZONE,18,115,57
India,Maharashtra,Nashik,"Pandav Nagari, Nashik - MPCB","06-01-2025 23:00:00",19.9591346,73.7788008,OZONE,10,47,27
India,Odisha,Baripada,"Meher Colony, Baripada - OSPCB","06-01-2025 23:00:00",21.941841,86.728318,OZONE,3,95,40
India,Odisha,Suakati,"OMC Colony, Suakati - OSPCB","06-01-2025 23:00:00",21.606865,85.510538,OZONE,4,122,59
India,Odisha,Nayagarh,"Dabuna, Nayagarh - OSPCB","06-01-2025 23:00:00",21.847279,85.416905,OZONE,4,65,46
India,Rajasthan,Kota,"Shrinath Puram, Kota - RSPCB","06-01-2025 23:00:00",25.14389,75.821256,OZONE,13,35,24
India,Punjab,Rupnagar,"Ratanpura, Rupnagar - Ambuja Cements","06-01-2025 23:00:00",31.0325454,76.5623046,CO,119,139,132
India,Rajasthan,Jaipur,"Shastri Nagar, Jaipur - RSPCB","06-01-2025 23:00:00",26.9502929,75.730943,OZONE,18,65,50
India,Rajasthan,Jaisalmer,"Sadar Bazar, Jaisalmer - RSPCB","06-01-2025 23:00:00",26.912329,70.909168,OZONE,4,93,77
India,Rajasthan,Jaipur,"Mansarovar Sector-12, Jaipur - RSPCB","06-01-2025 23:00:00",26.843698,75.766894,OZONE,2,103,63
India,Rajasthan,Bhiwadi,"RIICO Ind. Area III, Bhiwadi - RSPCB","06-01-2025 23:00:00",28.194909,76.862296,OZONE,5,34,18
India,Rajasthan,Sikar,"Radhakishan Pura, Sikar - RSPCB","06-01-2025 23:00:00",27.608912,75.153302,OZONE,18,67,50
India,Rajasthan,Udaipur,"Ashok Nagar, Udaipur - RSPCB","06-01-2025 23:00:00",24.5886166,73.6321397,OZONE,21,78,47
India,Puducherry,Puducherry,"Jawahar Nagar, Puducherry - PPCC","06-01-2025 23:00:00",11.9309,79.8027,OZONE,47,83,70
India,Rajasthan,Hanumangarh,"Housing Board, Hanumangarh - RSPCB","06-01-2025 23:00:00",29.610750,74.283608,OZONE,26,54,40
India,Uttar_Pradesh,Kanpur,"NSI Kalyanpur, Kanpur - UPPCB","06-01-2025 23:00:00",26.509954,80.249612,OZONE,19,22,21
India,Uttar_Pradesh,Khurja,"Kalindi Kunj, Khurja - UPPCB","06-01-2025 23:00:00",28.2348927,77.8683002,OZONE,4,10,5
India,TamilNadu,Cuddalore,"Semmandalam, Cuddalore - TNPCB","06-01-2025 23:00:00",11.7637683,79.7499835,NH3,NA,NA,NA
India,Telangana,Hyderabad,"Zoo Park, Hyderabad - TSPCB","06-01-2025 23:00:00",17.349694,78.451437,OZONE,18,40,21
India,Tripura,Agartala,"Bardowali, Agartala - Tripura SPCB","06-01-2025 23:00:00",23.8175497,91.2726974,OZONE,2,89,22
India,Uttar_Pradesh,Agra,"Manoharpur, Agra - UPPCB","06-01-2025 23:00:00",27.23711,78.01936,OZONE,1,2,1
India,Telangana,Hyderabad,"Sanathnagar, Hyderabad - TSPCB","06-01-2025 23:00:00",17.4559458,78.4332152,OZONE,11,16,14
India,TamilNadu,Chennai,"Manali Village, Chennai - TNPCB","06-01-2025 23:00:00",13.1662,80.2584,OZONE,21,122,58
India,TamilNadu,Chennai,"Manali, Chennai - CPCB","06-01-2025 23:00:00",13.164544,80.26285,OZONE,13,16,14
India,Uttar_Pradesh,Agra,"Sanjay Palace, Agra - UPPCB","06-01-2025 23:00:00",27.19865833,78.00598056,OZONE,5,32,14
India,TamilNadu,Nagapattinam,"Velippalayam, Nagapattinam - TNPCB","06-01-2025 23:00:00",10.798548,79.838212,OZONE,NA,NA,NA
India,Uttar_Pradesh,"Greater Noida","Knowledge Park - III, Greater Noida - UPPCB","06-01-2025 23:00:00",28.47272,77.482000,OZONE,1,61,26
India,Uttar_Pradesh,Meerut,"Pallavpuram Phase 2, Meerut - UPPCB","06-01-2025 23:00:00",29.063510,77.709723,OZONE,5,58,28
India,Uttar_Pradesh,Moradabad,"Transport Nagar, Moradabad - UPPCB","06-01-2025 23:00:00",28.802625,78.753728,OZONE,18,34,23
India,Uttar_Pradesh,Noida,"Sector-116, Noida - UPPCB","06-01-2025 23:00:00",28.569230,77.393848,OZONE,7,64,28
India,Uttar_Pradesh,Prayagraj,"Jhunsi, Prayagraj - UPPCB","06-01-2025 23:00:00",25.425602,81.917152,OZONE,7,23,12
India,Uttar_Pradesh,Prayagraj,"Motilal Nehru NIT, Prayagraj - UPPCB","06-01-2025 23:00:00",25.494,81.863,OZONE,7,11,10
India,Uttar_Pradesh,Varanasi,"Ardhali Bazar, Varanasi - UPPCB","06-01-2025 23:00:00",25.3505986,82.9083074,OZONE,16,20,17
India,Uttar_Pradesh,Varanasi,"IESD Banaras Hindu University, Varanasi - UPPCB","06-01-2025 23:00:00",25.262326,82.995408,CO,36,48,44
India,West_Bengal,Durgapur,"Mahishkapur Road_B-Zone, Durgapur - WBPCB","06-01-2025 23:00:00",23.567923,87.306843,OZONE,1,191,58
India,West_Bengal,Kolkata,"Jadavpur, Kolkata - WBPCB","06-01-2025 23:00:00",22.49929,88.36917,OZONE,7,26,14
India,Bihar,Saharsa,"Police Line, Saharsa - BSPCB","06-01-2025 23:00:00",25.892357,86.590325,OZONE,8,22,12
India,Bihar,Sasaram,"Dada Peer, Sasaram - BSPCB","06-01-2025 23:00:00",24.952822,84.002396,OZONE,5,17,12
India,Bihar,Motihari,"Gandak Colony, Motihari - BSPCB","06-01-2025 23:00:00",26.63086,84.90051,OZONE,11,14,12
India,Bihar,Munger,"Town Hall, Munger - BSPCB","06-01-2025 23:00:00",25.376776,86.471523,OZONE,3,10,5
India,Bihar,Muzaffarpur,"Buddha Colony, Muzaffarpur - BSPCB","06-01-2025 23:00:00",26.11442,85.39813,OZONE,10,50,21
India,Delhi,Delhi,"Lodhi Road, Delhi - IMD","06-01-2025 23:00:00",28.5918245,77.2273074,OZONE,2,36,24
India,Delhi,Delhi,"Major Dhyan Chand National Stadium, Delhi - DPCC","06-01-2025 23:00:00",28.611281,77.237738,OZONE,1,40,27
India,Assam,Guwahati,"Railway Colony, Guwahati - PCBA","06-01-2025 23:00:00",26.181742,91.78063,OZONE,2,42,11
India,Delhi,Delhi,"Anand Vihar, Delhi - DPCC","06-01-2025 23:00:00",28.647622,77.3158090,OZONE,2,8,4
India,Chandigarh,Chandigarh,"Sector-25, Chandigarh - CPCC","06-01-2025 23:00:00",30.751462,76.762879,OZONE,2,46,21
India,Andhra_Pradesh,Tirupati,"Tirumala, Tirupati - APPCB","06-01-2025 23:00:00",13.67,79.35,OZONE,6,40,22
India,Chhattisgarh,Raipur,"Bhatagaon New ISBT, Raipur - CECB","06-01-2025 23:00:00",21.219665,81.630094,OZONE,2,19,6
India,Bihar,Chhapra,"Darshan Nagar, Chhapra - BSPCB","06-01-2025 23:00:00",25.7808257,84.7446768,OZONE,1,4,2
India,Bihar,Kishanganj,"SDM Office_Khagra, Kishanganj - BSPCB","06-01-2025 23:00:00",26.0881305,87.93840336,OZONE,19,22,19
India,Karnataka,Bengaluru,"Hombegowda Nagar, Bengaluru - KSPCB","06-01-2025 23:00:00",12.938539,77.590100,OZONE,10,97,44
India,Gujarat,Vapi,"Phase-1 GIDC, Vapi - GPCB","06-01-2025 23:00:00",20.362421,72.918013,OZONE,2,2,2
India,Haryana,"Charkhi Dadri","Mini Secretariat, Charkhi Dadri - HSPCB","06-01-2025 23:00:00",28.593883,76.270653,OZONE,13,17,15
India,Haryana,Faridabad,"Sector 30, Faridabad - HSPCB","06-01-2025 23:00:00",28.4417,77.3217,OZONE,17,20,18
India,Haryana,Gurugram,"NISE Gwal Pahari, Gurugram - IMD","06-01-2025 23:00:00",28.422681,77.148944,OZONE,9,56,45
India,Gujarat,Ahmedabad,"SAC ISRO Satellite, Ahmedabad - IITM","06-01-2025 23:00:00",23.023389,72.515201,OZONE,29,102,74
India,Delhi,Delhi,"Punjabi Bagh, Delhi - DPCC","06-01-2025 23:00:00",28.674045,77.131023,OZONE,3,21,17
India,Delhi,Delhi,"Pusa, Delhi - IMD","06-01-2025 23:00:00",28.636110,77.173332,OZONE,15,31,30
India,Jharkhand,Dhanbad,"Sardar Patel Nagar, Dhanbad - JSPCB","06-01-2025 23:00:00",23.80569,86.44268,OZONE,9,23,16
India,Jharkhand,Jorapokhar,"Tata Stadium, Jorapokhar - JSPCB","06-01-2025 23:00:00",23.707909,86.414670,OZONE,NA,NA,NA
India,Haryana,Rohtak,"MD University, Rohtak - HSPCB","06-01-2025 23:00:00",28.52123,76.37138,OZONE,46,56,49
India,Jammu_and_Kashmir,Srinagar,"Rajbagh, Srinagar - JKSPCB","06-01-2025 23:00:00",34.066206,74.819820,OZONE,2,2,2
India,Karnataka,Bengaluru,"BTM Layout, Bengaluru - CPCB","06-01-2025 23:00:00",12.9135218,77.5950804,OZONE,21,27,22
India,Karnataka,Bengaluru,"Hebbal, Bengaluru - KSPCB","06-01-2025 23:00:00",13.029152,77.585901,SO2,11,20,16
India,Delhi,Delhi,"Vivek Vihar, Delhi - DPCC","06-01-2025 23:00:00",28.672342,77.315260,OZONE,3,9,7
India,"Madhya Pradesh",Bhopal,"Paryavaran Parisar, Bhopal - MPPCB","06-01-2025 23:00:00",23.210494,77.425409,OZONE,9,44,26
India,"Madhya Pradesh",Bhopal,"T T Nagar, Bhopal - MPPCB","06-01-2025 23:00:00",23.233584,77.400574,OZONE,11,128,58
India,Karnataka,Haveri,"Ashwini Nagar, Haveri - KSPCB","06-01-2025 23:00:00",14.791800,75.389600,OZONE,34,34,34
India,Karnataka,Davanagere,"Devaraj Urs Badavane, Davanagere - KSPCB","06-01-2025 23:00:00",14.475800,75.905200,OZONE,19,20,19
India,Kerala,Thiruvananthapuram,"Kariavattom, Thiruvananthapuram - Kerala PCB","06-01-2025 23:00:00",8.563700,76.886500,OZONE,36,37,36
India,"Madhya Pradesh",Indore,"Chhoti Gwaltoli, Indore - MPPCB","06-01-2025 23:00:00",22.4310,75.5213,OZONE,9,87,43
India,"Madhya Pradesh",Jabalpur,"Gupteshwar, Jabalpur - JMC","06-01-2025 23:00:00",23.142888,79.916147,OZONE,5,89,48
India,Karnataka,Mangalore,"Kadri, Mangalore - KSPCB","06-01-2025 23:00:00",12.889250,74.853000,OZONE,24,24,24
India,Karnataka,Yadgir,"Collector Office, Yadgir - KSPCB","06-01-2025 23:00:00",16.7602,77.1428,OZONE,18,20,19
India,Karnataka,Chamarajanagar,"Urban, Chamarajanagar - KSPCB","06-01-2025 23:00:00",11.55358,76.55521,OZONE,14,49,29
India,Maharashtra,Chandrapur,"Chauhan Colony, Chandrapur - MPCB","06-01-2025 23:00:00",19.962900,79.298714,OZONE,29,41,32
India,Maharashtra,Dhule,"Deopur, Dhule - MPCB","06-01-2025 23:00:00",20.918946,74.776388,OZONE,19,93,57
India,Maharashtra,Aurangabad,"More Chowk Waluj, Aurangabad - MPCB","06-01-2025 23:00:00",19.8389439,75.244448,OZONE,4,107,85
India,Maharashtra,Badlapur,"Katrap, Badlapur - MPCB","06-01-2025 23:00:00",19.16485,73.23409,OZONE,20,102,80
India,"Madhya Pradesh",Satna,"Bandhavgar Colony, Satna - Birla Cement","06-01-2025 23:00:00",24.58434363,80.8549414,OZONE,17,24,23
India,"Madhya Pradesh",Ujjain,"Mahakaleshwar Temple, Ujjain - MPPCB","06-01-2025 23:00:00","23.182719 ","75.768218 ",OZONE,65,87,71
India,"Madhya Pradesh",Mandideep,"Sector-D Industrial Area, Mandideep - MPPCB","06-01-2025 23:00:00",23.108440,77.511428,OZONE,18,31,24
India,"Madhya Pradesh",Pithampur,"Sector-2 Industrial Area, Pithampur - MPPCB","06-01-2025 23:00:00",22.624758,75.675238,OZONE,38,166,86
India,Maharashtra,Amravati,"Shivneri Colony, Amravati - MPCB","06-01-2025 23:00:00",20.9402359,77.7895248,OZONE,7,95,58
India,Maharashtra,Amravati,"Shri Shivaji Science College, Amaravati - MPCB","06-01-2025 23:00:00",20.939198,77.765701,OZONE,2,53,33
India,Maharashtra,Aurangabad,"MIDC Chilkalthana, Aurangabad - MPCB","06-01-2025 23:00:00",19.875620,75.387310,OZONE,7,111,69
India,Maharashtra,Mumbai,"Borivali East, Mumbai - IITM","06-01-2025 23:00:00",19.23241,72.86895,OZONE,6,53,36
India,Maharashtra,Mumbai,"Kherwadi_Bandra East, Mumbai - MPCB","06-01-2025 23:00:00",19.0632143,72.8456324,OZONE,2,119,87
India,Maharashtra,Latur,"Sawe Wadi, Latur - MPCB","06-01-2025 23:00:00",18.39963,76.57452,OZONE,16,55,36
India,Maharashtra,Mumbai,"Sion, Mumbai - MPCB","06-01-2025 23:00:00",19.047000,72.874600,CO,38,38,38
India,Maharashtra,Mumbai,"Vile Parle West, Mumbai - MPCB","06-01-2025 23:00:00",19.10861,72.83622,OZONE,4,6,5
India,Maharashtra,Pimpri-Chinchwad,"Savta Mali Nagar, Pimpri-Chinchwad - IITM","06-01-2025 23:00:00",18.614767,73.799516,OZONE,1,192,90
India,Maharashtra,Pune,"Transport Nagar-Nigdi, Pune - IITM","06-01-2025 23:00:00",18.664282,73.763966,OZONE,12,65,42
India,Maharashtra,Pune,"Bhumkar Nagar, Pune - IITM","06-01-2025 23:00:00",18.605770,73.749976,OZONE,19,294,158
India,Odisha,Barbil,"Forest Office, Barbil - OSPCB","06-01-2025 23:00:00",22.1166054,85.3945546,OZONE,1,14,6
India,Odisha,Bhubaneswar,"Lingraj Mandir, Bhubaneswar - OSPCB","06-01-2025 23:00:00",20.240790,85.836784,OZONE,6,52,23
India,Maharashtra,Virar,"Bolinj, Virar - MPCB","06-01-2025 23:00:00",19.4458210,72.7988231,OZONE,37,106,90
India,Meghalaya,Shillong,"Lumpyngngad, Shillong - Meghalaya PCB","06-01-2025 23:00:00",25.5586,91.8985,OZONE,22,65,44
India,Maharashtra,Thane,"Kasarvadavali, Thane - MPCB","06-01-2025 23:00:00",19.26777,72.97182,OZONE,36,134,95
India,Maharashtra,Thane,"Upvan Fort, Thane - MPCB","06-01-2025 23:00:00",19.222279,72.957979,OZONE,34,98,87
India,Maharashtra,Nashik,"Hirawadi, Nashik - MPCB","06-01-2025 23:00:00",20.021503,73.813844,OZONE,2,74,41
India,Odisha,Angul,"Hakimapada, Angul - OSPCB","06-01-2025 23:00:00",20.832874,85.104082,OZONE,6,83,44
India,Odisha,Talcher,"Talcher Coalfields,Talcher - OSPCB","06-01-2025 23:00:00",20.9360711,85.1707021,OZONE,3,73,27
India,Odisha,Cuttack,"CDA Area, Cuttack - OSPCB","06-01-2025 23:00:00","20.48891     ","85.84768     ",OZONE,3,144,57
India,Rajasthan,Jaipur,"Sector-2 Murlipura, Jaipur - RSPCB","06-01-2025 23:00:00",26.960669,75.771817,OZONE,9,88,50
India,Rajasthan,Baran,"Bamboliya, Baran - RSPCB","06-01-2025 23:00:00",25.106006,76.469948,OZONE,4,55,33
India,Rajasthan,Barmer,"Railway Colony, Barmer - RSPCB","06-01-2025 23:00:00",25.747299,71.393989,OZONE,43,84,63
India,Rajasthan,Chittorgarh,"Shastri Nagar, Chittorgarh - RSPCB","06-01-2025 23:00:00",24.892047,74.623527,OZONE,17,149,93
India,Rajasthan,Jhunjhunu,"Indra Nagar, Jhunjhunu - RSPCB","06-01-2025 23:00:00",28.108988,75.386577,OZONE,4,97,51
India,Rajasthan,Pali,"Indira Colony Vistar, Pali - RSPCB","06-01-2025 23:00:00",25.771061," 73.340227",OZONE,10,51,35
India,Rajasthan,Bikaner,"MM Ground, Bikaner - RSPCB","06-01-2025 23:00:00",28.018792,73.292658,OZONE,9,95,58
India,Rajasthan,Banswara,"Rati Talai, Banswara - RSPCB","06-01-2025 23:00:00",23.555190,74.440010,OZONE,9,151,96
India,TamilNadu,Palkalaiperur,"Bharathidasan University, Palkalaiperur - TNPCB","06-01-2025 23:00:00",10.681158,78.741746,CO,10,10,10
India,TamilNadu,Perundurai,"SIPCOT Industrial Park, Perundurai - TNPCB","06-01-2025 23:00:00",11.258242,77.552761,OZONE,1,8,3
India,TamilNadu,Chennai,"Royapuram, Chennai - TNPCB","06-01-2025 23:00:00",13.1036,80.2909,OZONE,18,25,20
India,TamilNadu,Coimbatore,"PSG College of Arts and Science, Coimbatore - TNPCB","06-01-2025 23:00:00",11.0328,77.0349,OZONE,4,7,6
India,TamilNadu,Karur,"Kamadenu Nagar, Karur - TNPCB","06-01-2025 23:00:00",10.967820,78.080882,OZONE,9,9,9
India,TamilNadu,Madurai,"Uchapatti, Madurai - TNPCB","06-01-2025 23:00:00",9.865935,78.022669,OZONE,6,6,6
India,TamilNadu,Ooty,"Bombay Castel, Ooty - TNPCB","06-01-2025 23:00:00",11.4068288,76.7138973,OZONE,5,6,5
India,TamilNadu,Vellore,"Vasanthapuram, Vellore - TNPCB","06-01-2025 23:00:00",12.909494,79.131861,OZONE,NA,NA,NA
India,TamilNadu,Cuddalore,"Kudikadu, Cuddalore - TNPCB","06-01-2025 23:00:00",11.6829898,79.7532099,OZONE,4,4,4
India,Uttar_Pradesh,Ghaziabad,"Loni, Ghaziabad - UPPCB","06-01-2025 23:00:00",28.757294,77.278792,OZONE,1,24,12
India,Uttar_Pradesh,Ghaziabad,"Sanjay Nagar, Ghaziabad - UPPCB","06-01-2025 23:00:00",28.685382,77.453839,OZONE,1,48,18
India,Rajasthan,Sirohi,"Vedhaynath Colony, Sirohi - RSPCB","06-01-2025 23:00:00",24.885261,72.857549,OZONE,31,94,72
India,Uttar_Pradesh,Firozabad,"Nagla Bhau, Firozabad - UPPCB","06-01-2025 23:00:00",27.168897,78.376960,OZONE,14,21,17
India,Rajasthan,Tonk,"Shastri Nagar, Tonk - RSPCB","06-01-2025 23:00:00",26.159933,75.780517,OZONE,7,51,24
India,Uttar_Pradesh,"Greater Noida","Knowledge Park - V, Greater Noida - UPPCB","06-01-2025 23:00:00",28.557054,77.453663,OZONE,2,46,18
India,Uttar_Pradesh,Lucknow,"B R Ambedkar University, Lucknow - UPPCB","06-01-2025 23:00:00",26.766433,80.927299,OZONE,10,54,28
India,Uttar_Pradesh,Lucknow,"Gomti Nagar, Lucknow - UPPCB","06-01-2025 23:00:00",26.868120,81.005119,OZONE,20,30,26
India,Uttar_Pradesh,Lucknow,"Kendriya Vidyalaya, Lucknow - CPCB","06-01-2025 23:00:00",26.906111,80.948222,OZONE,6,46,29
India,Uttar_Pradesh,Lucknow,"Kukrail Picnic Spot-1, Lucknow - UPPCB","06-01-2025 23:00:00",26.90723,80.98579,OZONE,12,53,27
India,Uttar_Pradesh,Lucknow,"Talkatora District Industries Center, Lucknow - CPCB","06-01-2025 23:00:00",26.83399722,80.8917361,OZONE,2,81,35
India,Uttar_Pradesh,Noida,"Sector-1, Noida - UPPCB","06-01-2025 23:00:00",28.5898,77.3101,OZONE,7,25,15
India,Uttarakhand,Rishikesh,"Shivaji Nagar, Rishikesh - UKPCB","06-01-2025 23:00:00",30.075911,78.2859547,OZONE,5,33,15
India,West_Bengal,Asansol,"Trivenidevi Bhalotia College, Asansol - WBPCB","06-01-2025 23:00:00",23.616515,87.119133,OZONE,3,92,37
India,West_Bengal,Howrah,"Dasnagar, Howrah - WBPCB","06-01-2025 23:00:00",22.6025571,88.3105664,OZONE,3,109,37
India,Assam,Silchar,"Tarapur, Silchar - PCBA","06-01-2025 23:00:00",24.82827,92.79525,CO,16,26,24
India,Assam,Sivasagar,"Girls College, Sivasagar - PCBA","06-01-2025 23:00:00",26.987634,94.636574,OZONE,3,9,3
India,Bihar,Purnia,"Mariam Nagar, Purnia - BSPCB","06-01-2025 23:00:00",25.366336,87.117468,OZONE,27,28,28
India,Bihar,Begusarai,"Lohiyanagar, Begusarai - BSPCB (Formerly known as DRCC Anandpur)","06-01-2025 23:00:00",25.42742023,86.13886079,OZONE,1,9,3
India,Andhra_Pradesh,Visakhapatnam,"GVM Corporation, Visakhapatnam - APPCB","06-01-2025 23:00:00",17.72,83.3,OZONE,4,12,8
India,Andhra_Pradesh,Kadapa,"Yerramukkapalli, Kadapa - APPCB","06-01-2025 23:00:00",14.465052,78.824187,OZONE,49,49,49
India,Bihar,Katihar,"Mirchaibari, Katihar - BSPCB","06-01-2025 23:00:00",25.560083,87.553265,OZONE,11,24,20
India,Assam,Guwahati,"IITG, Guwahati - PCBA","06-01-2025 23:00:00",26.2028636,91.70046436,OZONE,10,58,19
India,Bihar,Muzaffarpur,"MIT-Daudpur Kothi, Muzaffarpur - BSPCB","06-01-2025 23:00:00",26.1403345,85.3650192,OZONE,6,21,20
India,Andhra_Pradesh,Vijayawada,"Kanuru, Vijayawada - APPCB","06-01-2025 23:00:00",16.486692,80.699436,OZONE,8,19,18
India,Assam,Nalbari,"Bata Chowk, Nalbari - PCBA","06-01-2025 23:00:00",26.446912,91.439057,OZONE,11,41,21
India,Chhattisgarh,Korba,"Rampur, Korba - CECB","06-01-2025 23:00:00",22.368195,82.746431,OZONE,4,8,5
India,Delhi,Delhi,"Dr. Karni Singh Shooting Range, Delhi - DPCC","06-01-2025 23:00:00",28.498571,77.264840,OZONE,6,50,28
India,Delhi,Delhi,"Dwarka-Sector 8, Delhi - DPCC ","06-01-2025 23:00:00",28.5710274,77.0719006,OZONE,2,27,18
India,Delhi,Delhi,"IGI Airport (T3), Delhi - IMD","06-01-2025 23:00:00",28.5627763,77.1180053,OZONE,11,32,25
India,Bihar,Rajgir,"Dangi Tola, Rajgir - BSPCB","06-01-2025 23:00:00",25.03280,85.41948,OZONE,31,44,34
India,Bihar,Samastipur,"DM Office_Kasipur, Samastipur - BSPCB","06-01-2025 23:00:00",25.859655,85.77944,SO2,NA,NA,NA
India,Delhi,Delhi,"Aya Nagar, Delhi - IMD","06-01-2025 23:00:00",28.4706914,77.1099364,OZONE,27,131,59
India,Chhattisgarh,Bhilai,"Civic Center, Bhilai - Bhilai Steel Plant","06-01-2025 23:00:00",21.185571,81.343175,OZONE,8,61,27
India,Bihar,Siwan,"Chitragupta Nagar, Siwan - BSPCB","06-01-2025 23:00:00",26.2271665,84.3570427,OZONE,3,35,15
India,Delhi,Delhi,"Narela, Delhi - DPCC","06-01-2025 23:00:00",28.822836,77.101981,OZONE,2,7,3
India,Chhattisgarh,Bilaspur,"Mangala, Bilaspur - NTPC","06-01-2025 23:00:00",22.08815,82.13737,CO,25,56,47
India,Delhi,Delhi,"Chandni Chowk, Delhi - IITM","06-01-2025 23:00:00",28.656756,77.227234,OZONE,7,47,23
India,Karnataka,Bengaluru,"Jayanagar 5th Block, Bengaluru - KSPCB","06-01-2025 23:00:00",12.920984,77.584908,OZONE,34,37,36
India,Karnataka,Bengaluru,"Jigani, Bengaluru - KSPCB","06-01-2025 23:00:00",12.7816279,77.6299145,OZONE,22,26,23
India,Delhi,Delhi,"Sri Aurobindo Marg, Delhi - DPCC","06-01-2025 23:00:00",28.531346,77.190156,OZONE,4,53,36
India,Gujarat,Surat,"Science Center, Surat - SMC","06-01-2025 23:00:00",21.170046,72.795405,CO,44,54,49
India,Gujarat,Vatva,"Phase-4 GIDC, Vatva - GPCB","06-01-2025 23:00:00",22.969611,72.643500,OZONE,6,39,24
India,Gujarat,Ahmedabad,"Gyaspur, Ahmedabad - IITM","06-01-2025 23:00:00",22.977134,72.553024,OZONE,5,71,40
India,Haryana,Faridabad,"Sector 11, Faridabad - HSPCB","06-01-2025 23:00:00",28.376058,77.315741,OZONE,19,21,20
India,Haryana,Gurugram,"Teri Gram, Gurugram - HSPCB","06-01-2025 23:00:00",28.4275,77.1465,OZONE,10,65,64
India,Haryana,Narnaul,"Shastri Nagar, Narnaul - HSPCB","06-01-2025 23:00:00",28.060249,76.113115,OZONE,NA,NA,NA
India,Delhi,Delhi,"Rohini, Delhi - DPCC","06-01-2025 23:00:00",28.732528,77.119920,OZONE,3,42,31
India,Karnataka,Bengaluru,"City Railway Station, Bengaluru - KSPCB","06-01-2025 23:00:00",12.9756843,77.5660749,CO,22,138,49
India,"Madhya Pradesh",Jabalpur,"Suhagi, Jabalpur - JMC","06-01-2025 23:00:00",23.218135,79.957770,OZONE,10,122,49
India,Karnataka,Bengaluru,"RVCE-Mailasandra, Bengaluru - KSPCB","06-01-2025 23:00:00",12.921418,77.502466,OZONE,22,23,22
India,Karnataka,Vijayapura,"Ibrahimpur, Vijayapura - KSPCB","06-01-2025 23:00:00",16.802639,75.722694,OZONE,14,16,16
India,Karnataka,Kolar,"Tamaka Ind. Area, Kolar - KSPCB","06-01-2025 23:00:00",13.1276288,78.1570122,OZONE,17,44,25
India,Karnataka,Chikkaballapur,"Chikkaballapur Rural, Chikkaballapur - KSPCB","06-01-2025 23:00:00",13.428828,77.731418,OZONE,24,24,24
India,Kerala,Kannur,"Thavakkara, Kannur - Kerala PCB","06-01-2025 23:00:00",11.875000,75.373200,OZONE,26,31,27
India,Maharashtra,Akola,"Ramdaspeth, Akola - MPCB","06-01-2025 23:00:00",20.719516,77.000253,OZONE,3,86,27
India,"Madhya Pradesh",Jabalpur,"Govindh Bhavan Colony, Jabalpur - JMC","06-01-2025 23:00:00",23.163174,79.973061,OZONE,7,164,82
India,"Madhya Pradesh",Gwalior,"Maharaj Bada, Gwalior - MPPCB","06-01-2025 23:00:00",26.200388,78.147714,OZONE,38,66,50
India,Maharashtra,Pune,"Mhada Colony, Pune - IITM","06-01-2025 23:00:00",18.573040,73.927715,OZONE,12,172,70
India,Maharashtra,Pune,"Panchawati_Pashan, Pune - IITM","06-01-2025 23:00:00",18.536457,73.805454,OZONE,2,145,74
India,Maharashtra,Mumbai,"Vasai West, Mumbai - MPCB","06-01-2025 23:00:00",19.383200,72.820400,OZONE,6,12,7
India,Maharashtra,Mumbai,"Worli, Mumbai - MPCB","06-01-2025 23:00:00",18.9936162,72.8128113,OZONE,4,19,4
India,Maharashtra,Nagpur,"Ambazari, Nagpur - MPCB","06-01-2025 23:00:00",21.121801,79.04952,OZONE,1,128,44
India,Maharashtra,Mumbai,"Kurla, Mumbai - MPCB","06-01-2025 23:00:00",19.0863,72.8888,OZONE,28,29,28
India,Maharashtra,Mumbai,"Mazgaon, Mumbai - IITM","06-01-2025 23:00:00",18.96702,72.84214,OZONE,NA,NA,NA
India,Maharashtra,Mumbai,"Mindspace-Malad West, Mumbai - MPCB","06-01-2025 23:00:00",19.1878657,72.8304069,OZONE,19,81,63
India,Maharashtra,Nagpur,"Ram Nagar, Nagpur - MPCB","06-01-2025 23:00:00",21.143383,79.048912,OZONE,3,170,61
India,Maharashtra,Nanded,"Sneh Nagar, Nanded - MPCB","06-01-2025 23:00:00",19.173852,77.296291,OZONE,16,239,209
India,Maharashtra,"Navi Mumbai","Kopripada-Vashi, Navi Mumbai - MPCB","06-01-2025 23:00:00",19.090337,73.014232,OZONE,3,99,55
India,Maharashtra,Jalgaon,"Prabhat Colony, Jalgaon - MPCB","06-01-2025 23:00:00",21.001264,75.565602,OZONE,3,109,53
India,Maharashtra,Mumbai,"Kandivali East, Mumbai - MPCB","06-01-2025 23:00:00",19.205800,72.868200,OZONE,15,16,16
India,Maharashtra,Pune,"Karve Road, Pune - MPCB","06-01-2025 23:00:00",18.5011743,73.8165527,OZONE,6,63,20
India,Maharashtra,Mumbai,"Sewri, Mumbai - BMC","06-01-2025 23:00:00",19.000084,72.856730,OZONE,4,76,57
India,Odisha,Tensa,"Barsua Iron Ore Mines, Tensa - OSPCB","06-01-2025 23:00:00",21.869985,85.167016,OZONE,11,20,14
India,Punjab,Amritsar,"Golden Temple, Amritsar - PPCB","06-01-2025 23:00:00",31.620000,74.876512,OZONE,42,64,51
India,Punjab,Bathinda,"Hardev Nagar, Bathinda - PPCB","06-01-2025 23:00:00",30.233011,74.907758,CO,2,116,47
India,Odisha,Keonjhar,"Jagamohanpur, Keonjhar - OSPCB","06-01-2025 23:00:00",21.643900,85.599355,OZONE,32,102,44
India,Odisha,Rairangpur,"Divisional Forest Office, Rairangpur - OSPCB","06-01-2025 23:00:00",22.265816,86.174829,OZONE,7,21,16
India,Odisha,Rourkela,"Fertilizer Township, Rourkela - OSPCB","06-01-2025 23:00:00",22.18972222,84.86277778,CO,15,26,19
India,Maharashtra,Solapur,"Solapur, Solapur - MPCB","06-01-2025 23:00:00",17.6599188,75.9063906,SO2,1,35,6
India,Maharashtra,Ulhasnagar,"Sidhi Vinayak Nagar, Ulhasnagar - MPCB","06-01-2025 23:00:00",19.235581,73.159121,OZONE,2,78,55
India,Odisha,Bileipada,"Tata Township, Bileipada - OSPCB","06-01-2025 23:00:00",22.06156703,85.47409613,OZONE,24,27,25
India,Odisha,Brajrajnagar,"GM Office, Brajrajnagar - OSPCB","06-01-2025 23:00:00",21.8004996,83.8396977,OZONE,8,96,51
India,Rajasthan,Bhiwadi,"Vasundhara Nagar_UIT, Bhiwadi - RSPCB","06-01-2025 23:00:00",28.207266,76.829265,OZONE,12,34,23
India,Rajasthan,Bharatpur,"Krishna Nagar, Bharatpur - RSPCB","06-01-2025 23:00:00",27.215415,77.50873,OZONE,21,54,36
India,Rajasthan,Bhilwara,"Pratap Nagar, Bhilwara - RSPCB","06-01-2025 23:00:00",25.339605,74.618883,OZONE,22,99,72
India,Odisha,Rourkela,"Sector-2, Rourkela - OSPCB","06-01-2025 23:00:00",22.24500000,84.88111111,CO,19,34,22
India,Rajasthan,Alwar,"Moti Doongri, Alwar - RSPCB","06-01-2025 23:00:00",27.554793,76.611536,OZONE,7,35,22
India,Odisha,Bhubaneswar,"Patia, Bhubaneswar - OSPCB","06-01-2025 23:00:00",20.34652,85.81630,OZONE,4,121,40
India,Rajasthan,Bundi,"New Colony, Bundi - RSPCB","06-01-2025 23:00:00",25.435774,75.644272,OZONE,11,64,33
India,TamilNadu,Dindigul,"Mendonsa Colony, Dindigul - TNPCB","06-01-2025 23:00:00",10.358535,77.984321,SO2,19,22,20
India,TamilNadu,Pudukottai,"SIPCOT Nathampannai, Pudukottai - TNPCB","06-01-2025 23:00:00",10.423417,78.784889,SO2,12,15,13
India,TamilNadu,Ramanathapuram,"Chalai Bazaar, Ramanathapuram - TNPCB","06-01-2025 23:00:00",9.36399,78.831977,OZONE,13,14,14
India,TamilNadu,Ariyalur,"Keelapalur, Ariyalur - TNPCB","06-01-2025 23:00:00",11.06825,79.07033,SO2,9,9,9
India,TamilNadu,Chennai,"Velachery Res. Area, Chennai - CPCB","06-01-2025 23:00:00",13.0052189,80.2398125,OZONE,2,8,6
India,Rajasthan,Jodhpur,"Collectorate, Jodhpur - RSPCB","06-01-2025 23:00:00",26.268249,73.0193853,OZONE,17,73,44
India,Rajasthan,"Sawai Madhopur","Sahu Nagar, Sawai Madhopur - RSPCB","06-01-2025 23:00:00",26.031443,76.359327,OZONE,19,36,33
India,Rajasthan,Pratapgarh,"Pragati Nagar, Pratapgarh - RSPCB","06-01-2025 23:00:00",24.041198,74.780702,OZONE,46,85,73
India,Rajasthan,Jalore,"Mudtra Sili, Jalore - RSPCB","06-01-2025 23:00:00",25.344694,72.626208,OZONE,37,96,69
India,Uttar_Pradesh,Moradabad,"Eco Herbal Park, Moradabad - UPPCB","06-01-2025 23:00:00",28.840739,78.697531,OZONE,1,51,25
India,Uttar_Pradesh,Moradabad,"Employment Office, Moradabad - UPPCB","06-01-2025 23:00:00",28.88528,78.73880,OZONE,10,12,11
India,Uttar_Pradesh,Agra,"Shahjahan Garden, Agra - UPPCB","06-01-2025 23:00:00",27.169338,78.03582,OZONE,1,6,3
India,Uttar_Pradesh,Bareilly,"Rajendra Nagar, Bareilly - UPPCB","06-01-2025 23:00:00",28.38910936,79.42963708,CO,38,70,46
India,Uttar_Pradesh,Bulandshahr,"Yamunapuram, Bulandshahr - UPPCB","06-01-2025 23:00:00",28.406963,77.849831,OZONE,1,23,9
India,Telangana,Hyderabad,"IITH Kandi, Hyderabad - TSPCB","06-01-2025 23:00:00",17.585705,78.126199,OZONE,27,37,36
India,Telangana,Hyderabad,"Kompally Municipal Office, Hyderabad - TSPCB","06-01-2025 23:00:00",17.544899,78.486949,OZONE,24,57,34
India,Telangana,Hyderabad,"Bollaram Industrial Area, Hyderabad - TSPCB","06-01-2025 23:00:00",17.540891,78.358528,OZONE,48,54,52
India,Telangana,Hyderabad,"Central University, Hyderabad - TSPCB","06-01-2025 23:00:00",17.460103,78.334361,OZONE,4,314,16
India,Uttar_Pradesh,Gorakhpur,"Madan Mohan Malaviya University of Technology, Gorakhpur - UPPCB","06-01-2025 23:00:00",26.730136,83.433859,OZONE,18,41,24
India,TamilNadu,Salem,"Sona College of Technology, Salem - TNPCB","06-01-2025 23:00:00",11.679111,78.125052,OZONE,15,17,16
India,Telangana,Hyderabad,"ICRISAT Patancheru, Hyderabad - TSPCB","06-01-2025 23:00:00",17.518400,78.278777,OZONE,16,77,73
India,Uttar_Pradesh,Agra,"Rohta, Agra - UPPCB","06-01-2025 23:00:00",27.106972,78.000111,OZONE,14,15,15
India,Uttar_Pradesh,Moradabad,"Jigar Colony, Moradabad - UPPCB","06-01-2025 23:00:00",28.856664,78.772638,OZONE,14,20,17
India,Uttar_Pradesh,Moradabad,"Kashiram Nagar, Moradabad - UPPCB","06-01-2025 23:00:00",28.849399,78.742362,OZONE,8,134,8
India,Uttar_Pradesh,Varanasi,"Bhelupur, Varanasi - UPPCB","06-01-2025 23:00:00",25.301778,82.996789,OZONE,1,3,2
India,Uttarakhand,Dehradun,"Doon University, Dehradun - UKPCB","06-01-2025 23:00:00",30.269444,78.044167,OZONE,6,39,18
India,West_Bengal,Asansol,"Evelyn Lodge, Asansol - WBPCB","06-01-2025 23:00:00",23.6979360,86.9443950,OZONE,10,42,24
India,West_Bengal,Barrackpore,"SVSPA Campus, Barrackpore - WBPCB","06-01-2025 23:00:00",22.7605581,88.3617589,OZONE,3,93,27
India,West_Bengal,Kolkata,"Rabindra Bharati University, Kolkata - WBPCB","06-01-2025 23:00:00",22.627847,88.380669,OZONE,5,118,36
India,Andhra_Pradesh,Vijayawada,"Rajiv Gandhi Park, Vijayawada - APPCB","06-01-2025 23:00:00",16.509717,80.612222,OZONE,1,33,19
India,Andhra_Pradesh,Vijayawada,"Rajiv Nagar, Vijayawada - APPCB","06-01-2025 23:00:00",16.554731,80.649110,OZONE,8,57,39
India,Bihar,Bhagalpur,"DM Office_Kachari Chowk, Bhagalpur - BSPCB","06-01-2025 23:00:00",25.251013,86.989001,OZONE,18,19,18
India,Bihar,Bhagalpur,"Mayaganj, Bhagalpur - BSPCB","06-01-2025 23:00:00",25.265194,87.012947,OZONE,4,25,7
India,Bihar,Buxar,"Charitra Van, Buxar - BSPCB (Formerly known as Central Jail)","06-01-2025 23:00:00",25.567520,83.966379,OZONE,8,107,44
India,Bihar,Patna,"Rajbansi Nagar, Patna - BSPCB","06-01-2025 23:00:00",25.599486,85.113666,OZONE,9,76,27
India,Bihar,Patna,"Samanpura, Patna - BSPCB","06-01-2025 23:00:00",25.596727,85.085624,OZONE,40,53,47
India,Andhra_Pradesh,Amaravati,"Secretariat, Amaravati - APPCB","06-01-2025 23:00:00",16.5150833,80.5181667,OZONE,7,73,51
India,Bihar,Gaya,"Kareemganj, Gaya - BSPCB","06-01-2025 23:00:00",24.792403,84.992416,OZONE,19,66,42
India,Bihar,Gaya,"SFTI Kusdihra, Gaya - BSPCB","06-01-2025 23:00:00",24.762518,84.982348,OZONE,2,104,40
India,Chandigarh,Chandigarh,"Sector 22, Chandigarh - CPCC","06-01-2025 23:00:00",30.735567,76.775714,OZONE,5,106,48
India,Bihar,Araria,"Kharahiya Basti, Araria - BSPCB","06-01-2025 23:00:00",26.146529,87.454184,OZONE,1,41,28
India,Andhra_Pradesh,Tirupati,"Vaikuntapuram, Tirupati - APPCB","06-01-2025 23:00:00",13.615387,79.409230,OZONE,41,41,41
India,Andhra_Pradesh,Vijayawada,"HB Colony, Vijayawada - APPCB","06-01-2025 23:00:00",16.536107,80.594233,OZONE,7,73,53
India,Bihar,Patna,"Muradpur, Patna - BSPCB","06-01-2025 23:00:00",25.619651,85.147382,OZONE,13,22,16
India,Bihar,Aurangabad,"Gurdeo Nagar, Aurangabad - BSPCB","06-01-2025 23:00:00",24.75746,84.366208,OZONE,1,59,29
India,Delhi,Delhi,"CRRI Mathura Road, Delhi - IMD","06-01-2025 23:00:00",28.5512005,77.2735737,OZONE,3,46,18
India,Delhi,Delhi,"Ashok Vihar, Delhi - DPCC","06-01-2025 23:00:00",28.695381,77.181665,OZONE,11,41,37
India,Delhi,Delhi,"Burari Crossing, Delhi - IMD","06-01-2025 23:00:00",28.7256504,77.2011573,OZONE,9,37,31
India,Delhi,Delhi,"North Campus, DU, Delhi - IMD","06-01-2025 23:00:00",28.6573814,77.1585447,OZONE,8,36,30
India,Delhi,Delhi,"Okhla Phase-2, Delhi - DPCC","06-01-2025 23:00:00",28.530785,77.271255,OZONE,4,44,22
India,Delhi,Delhi,"Mandir Marg, Delhi - DPCC","06-01-2025 23:00:00",28.636429,77.201067,OZONE,13,42,35
India,Delhi,Delhi,"NSIT Dwarka, Delhi - CPCB","06-01-2025 23:00:00",28.60909,77.0325413,OZONE,13,19,18
India,Delhi,Delhi,"Jawaharlal Nehru Stadium, Delhi - DPCC","06-01-2025 23:00:00",28.580280,77.233829,OZONE,3,56,33
India,Chhattisgarh,Korba,"Urja Nagar, Korba - CECB","06-01-2025 23:00:00",22.348441,82.549611,OZONE,35,36,35
India,Delhi,Delhi,"Najafgarh, Delhi - DPCC","06-01-2025 23:00:00",28.570173,76.933762,OZONE,9,58,53
India,Chhattisgarh,Raipur,"Krishak Nagar, Raipur - CECB","06-01-2025 23:00:00",21.237755,81.705301,CO,36,65,38
India,Chhattisgarh,Tumidih,"OP Jindal Industrial Park, Tumidih - CECB","06-01-2025 23:00:00",22.06631475,83.33820077,OZONE,4,75,30
India,Gujarat,Ahmedabad,"Rakhial, Ahmedabad - IITM","06-01-2025 23:00:00",23.016834,72.625775,OZONE,11,107,53
India,Gujarat,Nandesari,"GIDC, Nandesari - Nandesari Ind. Association","06-01-2025 23:00:00",22.410802,73.097923,NO2,10,51,18
India,Karnataka,Bengaluru,"Bapuji Nagar, Bengaluru - KSPCB","06-01-2025 23:00:00",12.951913,77.539784,OZONE,26,76,45
India,"Himachal Pradesh",Baddi,"HIMUDA Complex Phase-1, Baddi - HPPCB","06-01-2025 23:00:00",30.943887,76.801991,OZONE,7,94,47
India,Delhi,Delhi,"R K Puram, Delhi - DPCC","06-01-2025 23:00:00",28.563262,77.186937,OZONE,11,15,13
India,Delhi,Delhi,"Wazirpur, Delhi - DPCC","06-01-2025 23:00:00",28.699793,77.165453,OZONE,26,56,36
India,Delhi,Delhi,"Sirifort, Delhi - CPCB","06-01-2025 23:00:00",28.5504249,77.2159377,OZONE,20,21,20
India,Gujarat,Ankleshwar,"GIDC, Ankleshwar - GPCB","06-01-2025 23:00:00",21.613267,73.010555,OZONE,31,41,37
India,Karnataka,Bagalkot,"Vidayagiri, Bagalkot - KSPCB","06-01-2025 23:00:00",16.172806,75.659694,OZONE,12,16,16
India,Maharashtra,Aurangabad,"Rachnakar Colony, Aurangabad - MPCB","06-01-2025 23:00:00",19.863756,75.321188,OZONE,21,127,40
India,Kerala,Thiruvananthapuram,"Plammoodu, Thiruvananthapuram - Kerala PCB","06-01-2025 23:00:00",8.5149093,76.9435879,OZONE,10,32,22
India,Kerala,Thrissur,"Corporation Ground, Thrissur - Kerala PCB","06-01-2025 23:00:00",10.532400,76.215900,OZONE,30,31,30
India,Karnataka,Mysuru,"Hebbal 1st Stage, Mysuru - KSPCB","06-01-2025 23:00:00",12.21041,76.37376,OZONE,2,56,32
India,Karnataka,Ramanagara,"Vijay Nagar, Ramanagara - KSPCB","06-01-2025 23:00:00",12.733409,77.298051,OZONE,15,130,91
India,Karnataka,Kalaburagi,"Mahatma Basaveswar Colony, Kalaburgi - KSPCB","06-01-2025 23:00:00",17.336318,76.847397,OZONE,4,39,15
India,Maharashtra,Ahmednagar,"Tarakpur, Ahmednagar - MPCB","06-01-2025 23:00:00",19.10122,74.73339,OZONE,7,236,111
India,Karnataka,Udupi,"Brahmagiri, Udupi - KSPCB","06-01-2025 23:00:00",13.34194444,74.74694444,OZONE,21,23,22
India,Karnataka,Bengaluru,"Peenya, Bengaluru - CPCB","06-01-2025 23:00:00",13.0270199,77.494094,OZONE,32,32,32
India,Karnataka,Madikeri,"Stuart Hill, Madikeri - KSPCB","06-01-2025 23:00:00",12.415911,75.735050,OZONE,5,6,6
India,Maharashtra,Mumbai,"Khindipada-Bhandup West, Mumbai - IITM","06-01-2025 23:00:00",19.1653323,72.922099,OZONE,22,96,75
India,Maharashtra,Pune,"Alandi, Pune - IITM","06-01-2025 23:00:00",18.675076,73.892743,OZONE,7,112,53
India,Maharashtra,Pune,"Katraj Dairy, Pune - MPCB","06-01-2025 23:00:00",18.454450,73.854155,OZONE,1,77,32
India,Maharashtra,Mahad,"Kamble Tarf Birwadi, Mahad - MPCB","06-01-2025 23:00:00",18.1023399,73.4783687,OZONE,6,131,90
India,Maharashtra,Malegaon,"Mahesh Nagar, Malegaon - MPCB","06-01-2025 23:00:00",20.555712,74.529236,OZONE,3,74,48
India,Maharashtra,Mira-Bhayandar,"Bhayandar West, Mira-Bhayandar - MPCB","06-01-2025 23:00:00",19.296481,72.840923,OZONE,14,72,58
India,Maharashtra,Kalyan,"Khadakpada, Kalyan - MPCB","06-01-2025 23:00:00",19.25292,73.142019,OZONE,9,17,15
India,Maharashtra,Kolhapur,"Shivaji University, Kolhapur - MPCB","06-01-2025 23:00:00",16.6870449,74.2505872,OZONE,1,74,33
India,Maharashtra,Pune,"Revenue Colony-Shivajinagar, Pune - IITM","06-01-2025 23:00:00",18.530085,73.849598,OZONE,2,105,40
India,Maharashtra,Nashik,"Gangapur Road, Nashik - MPCB","06-01-2025 23:00:00",20.0073285,73.7762427,OZONE,4,15,12
India,Maharashtra,"Navi Mumbai","Tondare-Taloja, Navi Mumbai - MPCB","06-01-2025 23:00:00",19.0630,73.1209,OZONE,10,101,56
India,Maharashtra,Pimpri-Chinchwad,"Park Street Wakad, Pimpri Chinchwad - MPCB","06-01-2025 23:00:00",18.59051,73.77946,OZONE,2,88,44
India,Maharashtra,Mumbai,"Navy Nagar-Colaba, Mumbai - IITM","06-01-2025 23:00:00",18.897756,72.813320,OZONE,NA,NA,NA
India,Rajasthan,Karauli,"Satyawati Vihar, Karauli - RSPCB","06-01-2025 23:00:00",26.506177,77.025989,OZONE,4,36,20
India,Rajasthan,Dholpur,"Raja Ganj, Dholpur - RSPCB","06-01-2025 23:00:00",26.699557,77.898881,OZONE,26,42,34
India,Rajasthan,Dungarpur,"Bhoiwada, Dungarpur - RSPCB","06-01-2025 23:00:00",23.837789,73.714926,OZONE,14,137,88
India,Rajasthan,Nagaur,"Karni Colony, Nagaur - RSPCB","06-01-2025 23:00:00",27.213494,73.734444,OZONE,48,117,89
India,Punjab,Ludhiana,"Punjab Agricultural University, Ludhiana - PPCB","06-01-2025 23:00:00",30.9028,75.8086,OZONE,10,29,16
India,Punjab,Patiala,"Model Town, Patiala - PPCB","06-01-2025 23:00:00",30.349388,76.366642,OZONE,6,13,9
India,Rajasthan,Jaipur,"Police Commissionerate, Jaipur - RSPCB","06-01-2025 23:00:00",26.9164092,75.7994901,OZONE,10,31,17
India,Rajasthan,Jaipur,"RIICO Sitapura, Jaipur - RSPCB","06-01-2025 23:00:00",26.786682,75.827928,OZONE,10,155,61
India,Maharashtra,Sangli,"Vijay Nagar, Sangli - MPCB","06-01-2025 23:00:00"," 16.5038",74.3623,OZONE,4,136,61
India,Maharashtra,Solapur,"Dnyaneshwar Nagar, Solapur - MPCB","06-01-2025 23:00:00",17.6336264,75.9132495,OZONE,7,119,59
India,Odisha,Balasore,"Kalidaspur, Balasore - OSPCB","06-01-2025 23:00:00",21.51161,86.89088,OZONE,5,80,36
India,Rajasthan,Dausa,"Khatikan Mohalla, Dausa - RSPCB","06-01-2025 23:00:00",26.895552,76.334753,OZONE,2,54,29
India,Rajasthan,Jodhpur,"Jhalamand, Jodhpur - RSPCB","06-01-2025 23:00:00",26.215415,73.070156,OZONE,26,133,73
India,Rajasthan,Rajsamand,"Dhoinda, Rajsamand - RSPCB","06-01-2025 23:00:00",25.036360,73.883502,OZONE,19,86,62
India,TamilNadu,Thoothukudi,"Meelavittan, Thoothukudi - TNPCB","06-01-2025 23:00:00","8.816428 ",78.099039,OZONE,20,24,23
India,TamilNadu,Chennai,"Alandur Bus Depot, Chennai - CPCB","06-01-2025 23:00:00",12.9099161,80.1076538,OZONE,8,40,28
India,TamilNadu,Chennai,"Kodungaiyur, Chennai - TNPCB","06-01-2025 23:00:00",13.1278,80.2642,OZONE,15,43,31
India,Telangana,Hyderabad,"New Malakpet, Hyderabad - TSPCB","06-01-2025 23:00:00",17.37206,78.50864,OZONE,16,42,28
India,Telangana,Hyderabad,"Ramachandrapuram, Hyderabad - TSPCB","06-01-2025 23:00:00",17.528544,78.286195,OZONE,21,48,47
India,TamilNadu,Tirupur,"Kumaran College, Tirupur - TNPCB","06-01-2025 23:00:00",11.0973603,77.3228673,OZONE,6,7,6
India,TamilNadu,Coimbatore,"SIDCO Kurichi, Coimbatore - TNPCB","06-01-2025 23:00:00",10.942451,76.978996,OZONE,1,133,55
India,TamilNadu,Kanchipuram,"Kilambi, Kanchipuram - TNPCB","06-01-2025 23:00:00",12.864618,79.659968,OZONE,1,9,8
India,TamilNadu,Virudhunagar,"Collectorate Office, Virudhunagar - TNPCB","06-01-2025 23:00:00",9.559382,77.948828,CO,NA,NA,NA
India,Uttar_Pradesh,Baghpat,"Sardar Patel Inter College, Baghpat - UPPCB","06-01-2025 23:00:00",28.964949,77.278761,OZONE,2,51,32
India,Uttar_Pradesh,Noida,"Sector - 62, Noida - IMD","06-01-2025 23:00:00",28.6245479,77.3577104,OZONE,9,38,23
India,Uttar_Pradesh,Meerut,"Ganga Nagar, Meerut - UPPCB","06-01-2025 23:00:00",28.999264,77.7590354,OZONE,1,54,26
India,Uttar_Pradesh,Meerut,"Jai Bhim Nagar, Meerut - UPPCB","06-01-2025 23:00:00",28.9535882,77.7622941,OZONE,4,81,44
India,West_Bengal,Durgapur,"PCBL Residential Complex, Durgapur - WBPCB","06-01-2025 23:00:00",23.5087640,87.3544400,OZONE,7,77,24
India,Uttar_Pradesh,Muzaffarnagar,"New Mandi, Muzaffarnagar - UPPCB","06-01-2025 23:00:00",29.4723508,77.7194031,OZONE,1,44,23
India,Uttar_Pradesh,Prayagraj,"Nagar Nigam, Prayagraj - UPPCB","06-01-2025 23:00:00","25.44919916 ","81.82735986 ",OZONE,10,17,12
India,West_Bengal,Asansol,"Asansol Court Area, Asansol - WBPCB","06-01-2025 23:00:00",23.685297,86.945968,OZONE,15,66,39
India,Uttar_Pradesh,Hapur,"Anand Vihar, Hapur - UPPCB","06-01-2025 23:00:00",28.725645,77.749675,OZONE,1,85,37
India,Uttar_Pradesh,Vrindavan,"Omex Eternity, Vrindavan - UPPCB","06-01-2025 23:00:00",27.5714090,77.6557570,OZONE,12,14,13
India,West_Bengal,Howrah,"Belur Math, Howrah - WBPCB","06-01-2025 23:00:00",22.629801,88.352017,OZONE,9,78,27
India,West_Bengal,Howrah,"Ghusuri, Howrah - WBPCB","06-01-2025 23:00:00",22.611968,88.347422,OZONE,2,14,5
India,West_Bengal,Howrah,"Padmapukur, Howrah - WBPCB","06-01-2025 23:00:00",22.5687319,88.2797276,OZONE,11,57,22
India,West_Bengal,Kolkata,"Ballygunge, Kolkata - WBPCB","06-01-2025 23:00:00",22.5367507,88.3638022,OZONE,6,88,29
India,West_Bengal,Kolkata,"Victoria, Kolkata - WBPCB","06-01-2025 23:00:00",22.5448082,88.3403691,OZONE,5,62,22
